ID,First Name,Last Name,Email,Enabled
1,Betta,Jelliman,bjelliman0@fema.gov,FALSE
2,Desdemona,Skates,dskates1@berkeley.edu,TRUE
3,Richmond,Grisard,rgrisard2@pagesperso-orange.fr,FALSE
4,Nedi,Scad,nscad3@marriott.com,TRUE
5,Shaylah,Doble,sdoble4@mac.com,TRUE
6,Keane,Tallon,ktallon5@webnode.com,FALSE
7,Lexis,Meynell,lmeynell6@pen.io,FALSE
8,Joana,Hellcat,jhellcat7@stumbleupon.com,FALSE
9,Di,Renish,drenish8@yellowpages.com,FALSE
10,Amberly,Dooher,adooher9@amazon.com,FALSE
11,Bennett,Whitelock,bwhitelocka@t.co,TRUE
12,Gael,Crut,gcrutb@craigslist.org,TRUE
13,Dorian,Cosham,dcoshamc@ted.com,FALSE
14,Arley,Edgson,aedgsond@walmart.com,TRUE
15,Joan,Aynscombe,jaynscombee@nba.com,FALSE
16,Karon,Lindback,klindbackf@chron.com,FALSE
17,Anica,Stood,astoodg@seattletimes.com,FALSE
18,Goldy,Osipov,gosipovh@wp.com,FALSE
19,Carolin,Pioli,cpiolii@posterous.com,FALSE
20,Clim,Balog,cbalogj@slate.com,FALSE
21,Bertrando,Moult,bmoultk@tripadvisor.com,FALSE
22,Jonathon,Lounds,jloundsl@nba.com,TRUE
23,Philomena,Ansteys,pansteysm@indiatimes.com,FALSE
24,Igor,Nana,inanan@marketwatch.com,TRUE
25,Tracey,Cissen,tcisseno@cam.ac.uk,TRUE
